post_id,user_id,category,post_type,content_length,created_at,region,title
P100001,U1081,technology,image,782,2026-03-09 08:50:00,north america,Travel moments
P100002,U1011,Sports,video,1513,07/03/2026 12:10,Latin America,Creator diary
P100003,U1020,Business,carousel,850,2026-03-11 19:52:00,middle east,Weekly roundup
P100004,U1005,Business,carousel,,2026-02-27 13:17:00,Africa,Quick tips
P100005,U1037,technology,livestream_clip,,2026-02-11 14:29:00,middle east,Breaking story
P100006,U1082,technology,poll,1374,2026-02-12 09:49:00,Asia Pacific,Launch teaser
P100007,U1007,Sports,livestream_clip,2594,2026-01-25 16:53:00,north america,Behind the scenes
P100008,U1063,Entertainment,short_video,573,2026-01-23 18:45:00,Latin America,Community question
P100009,U1028,TECHNOLOGY,poll,272,2026-01-15 05:53:00,EUROPE,Travel moments
P100010,,sports,poll,,2026-03-12 07:01:00,middle east,Weekly roundup
P100011,U1033,Lifestyle,livestream_clip,,2026-02-28 11:48:00,Latin America,Study notes
P100012,U1067,Technology,poll,185,2026-02-03 08:56:00,Middle East,Behind the scenes
P100013,U1062,technology,livestream_clip,543,2026-01-25 11:01:00,Latin America,Study notes
P100014,U1025,Business,text,3069,2026-02-17 10:39:00,asia pacific,Weekly roundup
P100015,U1075,Sports,image,1730,2026-01-07 11:14:00,North America,Quick tips
P100016,U1016,Business,poll,3884,2026-01-18 15:57:00,north america,Weekly roundup
P100017,U1006,Travel,short_video,,2026-03-15 04:55:00,north america,Behind the scenes
P100018,U1059,Sports,livestream_clip,58,2026-01-05 22:30:00,Latin America,Morning update
P100019,U1062,Education,video,1358,2026-01-01 12:42:00,Asia Pacific,Launch teaser
P100020,U1071,Travel,short_video,,2026-01-21 03:34:00,North America,Study notes
P100021,U1061,Lifestyle,livestream_clip,100,2026-01-18 05:56:00,north america,Study notes
P100022,U1072,Sports,poll,681,2026-03-02 04:03:00,Africa,Study notes
P100023,U1030,sports,carousel,2467,2026-01-30 02:41:00,north america,Morning update
P100024,U1027,Lifestyle,text,995,2026-02-03 23:14:00,Middle East,Breaking story
P100025,U1083,Lifestyle,image,1639,2026-01-25 09:44:00,north america,Weekly roundup
P100026,,Sports,short_video,,2026-01-05 22:58:00,north america,Travel moments
P100027,U1081,sports,video,246,2026-01-11 12:23:00,north america,Market watch
P100028,U1018,Entertainment,video,41,2026-02-02 21:38:00,Europe,Travel moments
P100029,U1052,Health,short_video,765,2026-02-07 20:40:00,North America,Breaking story
P100030,U1031,sports,video,327,2026-01-21 13:54:00,Europe,Match highlights
P100031,U1084,Sports,carousel,,2026-02-02 07:05:00,Latin America,Creator diary
P100032,U1033,TECHNOLOGY,poll,898,2026-02-01 19:09:00,middle east,Creator diary
P100033,U1032,Technology,short_video,284,2026-02-03 11:39:00,Asia Pacific,Weekly roundup
P100034,U1015,Business,text,,2026-02-06 23:03:00,Middle East,Community question
P100035,U1022,Health,poll,174,2026-01-28 23:49:00,Middle East,Behind the scenes
P100036,U1056,Travel,video,262,2026-01-27 03:56:00,Latin America,Travel moments
P100037,U1039,Sports,livestream_clip,121,2026-01-23 14:52:00,asia pacific,Study notes
P100038,U1024,Business,short_video,1293,2026-01-14 18:22:00,North America,Weekly roundup
P100039,U1059,Technology,poll,529,2026-03-15 06:43:00,asia pacific,Travel moments
P100040,U1056,Health,livestream_clip,4498,2026-01-15 19:41:00,asia pacific,Match highlights
P100041,U1066,Education,short_video,142,2026-03-07 06:45:00,Middle East,Behind the scenes
P100042,U1029,Entertainment,short_video,98,2026-02-08 02:17:00,Asia Pacific,Quick tips
P100043,U1074,Business,image,,2026-01-28 12:19:00,Asia Pacific,Creator diary
P100044,U1062,Sports,text,247,2026-01-31 22:17:00,Asia Pacific,Market watch
P100045,U1003,Entertainment,poll,452,2026-02-12 08:35:00,EUROPE,Morning update
P100046,U1048,sports,livestream_clip,680,2026-01-03 02:20:00,Latin America,Morning update
P100047,U1083,Technology,livestream_clip,35,2026-02-26 21:19:00,EUROPE,Behind the scenes
P100048,U1032,News,video,,2026-01-11 04:08:00,Africa,Morning update
P100049,U1025,technology,poll,144,2026-03-14 19:23:00,Africa,Morning update
P100050,U1043,Technology,livestream_clip,235,2026-02-09 19:02:00,middle east,Travel moments
P100051,U1066,Travel,text,,2026-01-30 16:05:00,Europe,Weekly roundup
P100052,U1048,News,image,1499,2026-01-20 15:22:00,middle east,Launch teaser
P100053,U1001,Lifestyle,video,3339,20/02/2026 20:48,Europe,Market watch
P100054,U1037,Sports,carousel,,2026-02-13 09:51:00,Latin America,Community question
P100055,U1058,sports,text,753,2026-01-30 01:19:00,north america,Market watch
P100056,U1061,sports,short_video,,2026-01-22 00:56:00,middle east,Breaking story
P100057,U1006,Lifestyle,text,84,2026-01-02 10:47:00,Africa,Launch teaser
P100058,U1061,technology,livestream_clip,53,2026-02-22 20:31:00,North America,Breaking story
P100059,U1015,Lifestyle,livestream_clip,1522,2026-03-12 22:31:00,Latin America,Creator diary
P100060,U1039,Health,poll,1529,2026-02-27 06:27:00,Europe,Launch teaser
P100061,U1000,Entertainment,carousel,877,2026-01-27 13:22:00,Middle East,Market watch
P100062,U1080,Health,short_video,1151,2026-03-01 06:46:00,EUROPE,Launch teaser
P100063,U1072,sports,carousel,2501,2026-01-26 02:43:00,Latin America,Community question
P100064,U1041,Health,text,33,2026-03-11 22:38:00,Middle East,Study notes
P100065,U1035,TECHNOLOGY,poll,243,2026-02-13 02:45:00,middle east,Creator diary
P100066,U1063,sports,short_video,225,2026-02-11 17:34:00,north america,Quick tips
P100067,U1000,Travel,livestream_clip,1127,2026-02-17 12:32:00,middle east,Study notes
P100068,,TECHNOLOGY,text,244,2026-01-03 23:03:00,Africa,Behind the scenes
P100069,U1028,technology,carousel,1271,2026-03-07 13:26:00,Middle East,Community question
P100070,U1058,Lifestyle,video,671,07/01/2026 16:30,Middle East,Creator diary
P100071,U1038,Health,poll,3668,2026-02-01 17:56:00,middle east,Community question
P100072,U1030,Health,carousel,139,2026-01-30 07:04:00,asia pacific,Market watch
P100073,U1083,TECHNOLOGY,carousel,,2026-01-10 11:14:00,asia pacific,Weekly roundup
P100074,U1083,TECHNOLOGY,image,,2026-02-27 01:31:00,Asia Pacific,Travel moments
P100075,U1040,Travel,short_video,269,2026-01-22 16:51:00,Middle East,Behind the scenes
P100076,U1012,Education,video,,2026-03-14 19:12:00,North America,Launch teaser
P100077,U1023,TECHNOLOGY,video,1529,2026-02-15 15:10:00,Africa,Breaking story
P100078,U1059,sports,short_video,,2026-02-23 19:34:00,Middle East,Travel moments
P100079,U1049,Education,image,,2026-02-22 15:41:00,Middle East,Market watch
P100080,U1072,Travel,livestream_clip,,2026-03-12 22:37:00,Europe,Study notes
P100081,U1084,Travel,livestream_clip,90,2026-01-29 10:52:00,asia pacific,Morning update
P100082,U1053,TECHNOLOGY,video,,2026-02-18 15:39:00,Latin America,Launch teaser
P100083,U1037,Business,livestream_clip,953,2026-01-08 04:29:00,EUROPE,Behind the scenes
P100084,U1071,News,image,222,2026-02-11 17:29:00,middle east,Travel moments
P100085,U1047,technology,short_video,,2026-02-25 20:44:00,Europe,Travel moments
P100086,U1052,technology,video,2503,2026-01-11 21:40:00,north america,Behind the scenes
P100087,U1069,Entertainment,poll,821,2026-02-26 08:54:00,Asia Pacific,Launch teaser
P100088,U1046,technology,short_video,208,2026-02-06 13:44:00,Middle East,Behind the scenes
P100089,U1027,Travel,short_video,384,2026-01-12 19:05:00,Africa,Behind the scenes
P100090,U1029,News,livestream_clip,95,2026-01-26 13:42:00,EUROPE,Breaking story
P100091,U1016,Technology,text,141,2026-01-17 04:38:00,Middle East,Morning update
P100092,U1057,News,poll,1206,2026-02-26 07:43:00,North America,Market watch
P100093,U1003,Technology,carousel,894,2026-03-07 04:15:00,asia pacific,Weekly roundup
P100094,U1079,Travel,poll,,2026-02-11 15:09:00,Latin America,Study notes
P100095,U1070,Business,livestream_clip,1161,2026-02-07 23:59:00,middle east,Match highlights
P100096,U1032,News,video,262,2026-01-09 19:39:00,Asia Pacific,Weekly roundup
P100097,U1071,Lifestyle,text,2906,2026-03-07 23:10:00,North America,Launch teaser
P100098,U1084,Education,video,,2026-01-11 18:58:00,Middle East,Study notes
P100099,U1079,Health,short_video,33,2026-01-17 18:07:00,Middle East,Market watch
P100100,U1018,Health,short_video,225,2026-01-09 16:26:00,Latin America,Behind the scenes
P100101,U1041,Health,poll,388,2026-03-11 00:05:00,Africa,Morning update
P100102,U1056,Entertainment,text,130,2026-02-01 18:02:00,Asia Pacific,Weekly roundup
P100103,U1005,Sports,carousel,,2026-01-20 13:26:00,EUROPE,Launch teaser
P100104,U1016,Entertainment,poll,,2026-01-07 21:27:00,,Market watch
P100105,U1073,Entertainment,poll,,2026-01-11 19:36:00,Asia Pacific,Morning update
P100106,U1046,technology,carousel,3579,2026-02-18 00:36:00,north america,Creator diary
P100107,U1009,Lifestyle,short_video,1367,2026-03-12 23:41:00,middle east,Quick tips
P100108,U1018,sports,video,108,2026-01-17 10:58:00,asia pacific,Match highlights
P100109,U1072,Travel,short_video,1565,2026-02-10 08:40:00,north america,Match highlights
P100110,U1064,technology,text,256,2026-02-03 21:31:00,Middle East,Weekly roundup
P100111,U1049,Education,poll,1202,2026-01-30 14:23:00,Africa,Match highlights
P100112,U1043,Business,image,278,2026-01-23 21:12:00,asia pacific,Match highlights
P100113,U1049,Entertainment,livestream_clip,193,2026-03-14 04:05:00,middle east,Weekly roundup
P100114,U1084,Health,livestream_clip,963,2026-02-02 04:11:00,Middle East,Travel moments
P100115,U1039,Lifestyle,carousel,188,2026-03-01 03:15:00,Asia Pacific,Community question
P100116,U1062,Sports,video,,2026-03-14 01:40:00,north america,Community question
P100117,U1043,Health,video,596,2026-03-05 09:32:00,Africa,Breaking story
P100118,U1056,Health,text,760,2026-01-29 12:02:00,asia pacific,Behind the scenes
P100119,U1036,Entertainment,poll,612,2026-01-24 02:08:00,North America,Travel moments
P100120,U1066,technology,text,,2026-02-11 05:33:00,Latin America,Breaking story
P100121,U1044,Technology,carousel,,2026-01-22 19:03:00,,Weekly roundup
P100122,U1083,News,livestream_clip,,13/02/2026 08:05,EUROPE,Market watch
P100123,U1027,TECHNOLOGY,poll,508,2026-01-28 17:52:00,north america,Morning update
P100124,U1063,Health,poll,1575,2026-03-07 17:41:00,EUROPE,Launch teaser
P100125,U1010,Lifestyle,text,54,05/02/2026 20:57,asia pacific,Morning update
P100126,U1008,News,video,,2026-01-13 11:26:00,North America,Quick tips
P100127,U1059,Business,carousel,113,2026-03-07 12:13:00,asia pacific,Morning update
P100128,U1039,Lifestyle,carousel,799,2026-01-27 09:01:00,middle east,Morning update
P100129,U1051,Business,carousel,1540,2026-03-05 07:50:00,asia pacific,Quick tips
P100130,U1010,Entertainment,poll,,2026-01-10 16:07:00,north america,Quick tips
P100131,U1056,News,carousel,2898,2026-01-26 07:46:00,North America,Weekly roundup
P100132,U1020,Technology,video,244,2026-01-22 19:32:00,middle east,Quick tips
P100133,U1047,News,carousel,,2026-02-06 13:31:00,middle east,Travel moments
P100134,U1066,Entertainment,poll,2142,2026-01-20 20:44:00,Africa,Launch teaser
P100135,U1009,Education,video,,2026-03-06 22:00:00,north america,Community question
P100136,U1081,TECHNOLOGY,livestream_clip,205,2026-01-19 15:02:00,,Behind the scenes
P100137,U1070,TECHNOLOGY,poll,2543,2026-03-07 14:09:00,asia pacific,Community question
P100138,U1040,Travel,image,,2026-01-13 00:21:00,Latin America,Travel moments
P100139,U1007,technology,poll,903,2026-01-30 16:51:00,Europe,Quick tips
P100140,U1025,Travel,poll,160,2026-02-16 01:53:00,EUROPE,Study notes
P100141,U1077,News,livestream_clip,41,2026-01-05 11:18:00,Africa,Launch teaser
P100142,U1063,Travel,poll,2484,2026-01-23 14:56:00,Asia Pacific,Launch teaser
P100143,U1059,Sports,text,,2026-02-06 15:00:00,EUROPE,Quick tips
P100144,U1057,Sports,video,2387,2026-02-26 08:18:00,Asia Pacific,Behind the scenes
P100145,U1040,,livestream_clip,4226,2026-02-15 17:33:00,Middle East,Match highlights
P100146,U1027,Health,text,2314,2026-02-24 17:17:00,asia pacific,Launch teaser
P100147,U1046,Entertainment,text,1101,2026-02-03 07:56:00,Latin America,Launch teaser
P100148,U1079,Travel,poll,802,2026-02-04 07:15:00,middle east,Community question
P100149,U1064,Technology,image,2738,2026-02-17 14:29:00,asia pacific,Breaking story
P100150,U1020,Entertainment,poll,2765,2026-03-06 20:15:00,,Launch teaser
P100151,U1053,Health,text,,2026-03-02 00:09:00,Africa,Study notes
P100152,U1079,Entertainment,video,144,2026-01-18 16:46:00,North America,Match highlights
P100153,U1078,Education,livestream_clip,1726,2026-02-21 09:16:00,middle east,Travel moments
P100154,U1068,News,poll,2175,2026-01-18 20:00:00,Europe,Launch teaser
P100155,U1036,Business,video,,2026-02-21 08:24:00,Middle East,Launch teaser
P100156,U1044,TECHNOLOGY,text,,2026-02-10 14:23:00,Middle East,Market watch
P100157,U1034,TECHNOLOGY,image,777,2026-02-28 09:36:00,Europe,Morning update
P100158,U1017,Technology,poll,3906,2026-03-01 13:07:00,Europe,Launch teaser
P100159,U1073,Sports,poll,639,2026-01-04 15:23:00,Asia Pacific,Match highlights
P100160,U1004,Technology,text,2341,2026-02-28 16:58:00,Latin America,Community question
P100161,U1024,technology,text,,2026-03-07 17:48:00,EUROPE,Morning update
P100162,U1022,Health,livestream_clip,,2026-01-09 05:28:00,Asia Pacific,Travel moments
P100163,U1000,sports,carousel,,2026-01-28 19:36:00,Africa,Market watch
P100164,U1015,Education,text,,2026-03-05 03:57:00,north america,Travel moments
P100165,U1017,Education,video,,2026-02-08 04:25:00,Latin America,Match highlights
P100166,U1076,technology,poll,248,2026-02-21 16:26:00,north america,Morning update
P100167,U1021,News,livestream_clip,1692,2026-01-09 14:39:00,Latin America,Match highlights
P100168,U1007,Lifestyle,carousel,188,2026-01-24 11:52:00,North America,Market watch
P100169,U1069,Technology,image,2361,2026-01-17 17:10:00,EUROPE,Travel moments
P100170,U1048,Education,livestream_clip,1050,2026-03-01 19:40:00,middle east,Weekly roundup
P100171,U1028,Technology,livestream_clip,3802,2026-02-18 18:01:00,Asia Pacific,Behind the scenes
P100172,U1014,Technology,livestream_clip,1540,2026-01-20 02:11:00,north america,Weekly roundup
P100173,U1031,Business,image,1179,2026-03-10 23:58:00,North America,Breaking story
P100174,U1040,Health,poll,766,2026-03-02 10:15:00,Latin America,Behind the scenes
P100175,U1022,Travel,short_video,238,2026-02-01 16:23:00,Asia Pacific,Community question
P100176,U1068,Education,video,1192,2026-01-06 13:52:00,Latin America,Creator diary
P100177,U1026,News,short_video,60,2026-02-19 02:06:00,Europe,Morning update
P100178,U1024,Health,short_video,,2026-01-28 22:19:00,North America,Behind the scenes
P100179,U1061,Sports,short_video,,2026-03-12 22:08:00,Middle East,Creator diary
P100180,U1063,Education,image,1840,04/02/2026 01:49,middle east,Creator diary
P100181,U1070,Health,poll,885,2026-01-31 08:36:00,Europe,Creator diary
P100182,U1043,sports,livestream_clip,4028,2026-01-16 15:30:00,middle east,Breaking story
P100183,U1082,Technology,poll,37,2026-03-11 21:43:00,North America,Creator diary
P100184,U1027,Lifestyle,carousel,3968,2026-01-02 18:21:00,,Community question
P100185,U1036,Technology,poll,240,2026-01-10 02:24:00,Latin America,Breaking story
P100186,U1050,technology,text,1221,2026-03-05 19:08:00,Europe,Launch teaser
P100187,U1004,technology,carousel,4537,2026-01-06 10:35:00,North America,Market watch
P100188,U1072,technology,poll,1741,2026-01-26 00:12:00,North America,Weekly roundup
P100189,U1022,News,image,1191,2026-01-08 08:04:00,Middle East,Breaking story
P100190,U1069,News,carousel,,2026-01-06 05:18:00,north america,Creator diary
P100191,U1076,Entertainment,livestream_clip,2249,2026-02-14 23:44:00,Europe,Quick tips
P100192,U1048,technology,livestream_clip,171,2026-01-08 19:12:00,Middle East,Breaking story
P100193,U1046,technology,image,,2026-03-11 15:11:00,Middle East,Weekly roundup
P100194,U1052,technology,image,65,2026-02-24 16:00:00,,Quick tips
P100195,U1071,Sports,poll,1684,2026-01-13 23:18:00,Middle East,Launch teaser
P100196,U1038,Education,livestream_clip,1020,07/03/2026 22:49,asia pacific,Study notes
P100197,U1050,News,livestream_clip,2709,2026-01-31 19:14:00,Asia Pacific,Travel moments
P100198,U1025,Education,text,,2026-03-09 05:21:00,asia pacific,Study notes
P100199,U1046,technology,poll,1493,2026-03-04 09:13:00,Latin America,Morning update
P100200,U1037,Business,image,1659,2026-02-27 23:32:00,Middle East,Behind the scenes
P100201,U1057,Health,carousel,4160,2026-02-19 19:36:00,North America,Quick tips
P100202,U1013,Sports,short_video,372,2026-03-10 20:15:00,middle east,Creator diary
P100203,U1071,Health,short_video,3074,2026-02-12 11:34:00,Africa,Market watch
P100204,U1053,technology,image,,2026-02-11 18:41:00,Europe,Community question
P100205,U1040,technology,text,42,2026-02-01 13:27:00,north america,Travel moments
P100206,U1070,TECHNOLOGY,text,1909,2026-02-27 15:43:00,EUROPE,Breaking story
P100207,U1025,Education,poll,1077,2026-01-20 01:32:00,Middle East,Market watch
P100208,U1023,News,text,,2026-03-03 09:10:00,asia pacific,Community question
P100209,U1014,News,text,,2026-02-26 06:21:00,Africa,Weekly roundup
P100210,U1047,Business,video,1137,2026-02-22 15:40:00,Asia Pacific,Creator diary
P100211,,Lifestyle,video,872,2026-01-29 23:12:00,asia pacific,Study notes
P100212,U1049,Lifestyle,poll,4038,2026-03-06 23:19:00,asia pacific,Match highlights
P100213,U1004,sports,video,3756,2026-02-20 08:53:00,Latin America,Weekly roundup
P100214,U1069,Technology,livestream_clip,1800,2026-01-10 15:43:00,Europe,Launch teaser
P100215,U1011,Education,livestream_clip,1869,2026-03-16 03:00:00,Africa,Market watch
P100216,U1017,Sports,livestream_clip,,2026-02-18 18:47:00,Middle East,Study notes
P100217,U1034,Lifestyle,short_video,68,2026-01-26 13:49:00,EUROPE,Market watch
P100218,U1050,Education,video,3403,2026-02-11 11:23:00,north america,Travel moments
P100219,U1047,Education,carousel,187,2026-03-08 20:44:00,asia pacific,Travel moments
P100220,U1027,Entertainment,livestream_clip,,2026-01-27 03:31:00,middle east,Community question
P100221,U1006,Technology,image,314,2026-02-10 12:00:00,asia pacific,Morning update
P100222,U1083,sports,video,,2026-01-08 20:03:00,middle east,Travel moments
P100223,U1029,Entertainment,short_video,66,20/01/2026 18:13,asia pacific,Weekly roundup
P100224,U1043,technology,livestream_clip,1092,2026-01-07 18:43:00,Europe,Creator diary
P100013,U1062,technology,livestream_clip,543,2026-01-25 11:01:00,Latin America,Study notes
P100058,U1061,technology,livestream_clip,53,2026-02-22 20:31:00,North America,Breaking story
P100144,U1057,Sports,video,2387,2026-02-26 08:18:00,Asia Pacific,Behind the scenes
P100191,U1076,Entertainment,livestream_clip,2249,2026-02-14 23:44:00,Europe,Quick tips